-- MySQL dump 10.13  Distrib 5.7.32, for Linux (x86_64)
--
-- Host: localhost    Database: profesorMateria
-- ------------------------------------------------------
-- Server version	5.7.32-0ubuntu0.18.04.1

/*!40101 SET @OLD_CHARACTER_SET_CLIENT=@@CHARACTER_SET_CLIENT */;
/*!40101 SET @OLD_CHARACTER_SET_RESULTS=@@CHARACTER_SET_RESULTS */;
/*!40101 SET @OLD_COLLATION_CONNECTION=@@COLLATION_CONNECTION */;
/*!40101 SET NAMES utf8 */;
/*!40103 SET @OLD_TIME_ZONE=@@TIME_ZONE */;
/*!40103 SET TIME_ZONE='+00:00' */;
/*!40014 SET @OLD_UNIQUE_CHECKS=@@UNIQUE_CHECKS, UNIQUE_CHECKS=0 */;
/*!40014 SET @OLD_FOREIGN_KEY_CHECKS=@@FOREIGN_KEY_CHECKS, FOREIGN_KEY_CHECKS=0 */;
/*!40101 SET @OLD_SQL_MODE=@@SQL_MODE, SQL_MODE='NO_AUTO_VALUE_ON_ZERO' */;
/*!40111 SET @OLD_SQL_NOTES=@@SQL_NOTES, SQL_NOTES=0 */;

--
-- Table structure for table `AUXILIAR`
--

DROP TABLE IF EXISTS `AUXILIAR`;
/*!40101 SET @saved_cs_client     = @@character_set_client */;
/*!40101 SET character_set_client = utf8 */;
CREATE TABLE `AUXILIAR` (
  `clave` int(11) NOT NULL,
  `activaTrigger` bit(1) NOT NULL,
  `semestre` varchar(6) DEFAULT NULL,
  PRIMARY KEY (`clave`)
) ENGINE=InnoDB DEFAULT CHARSET=latin1;
/*!40101 SET character_set_client = @saved_cs_client */;

--
-- Dumping data for table `AUXILIAR`
--

LOCK TABLES `AUXILIAR` WRITE;
/*!40000 ALTER TABLE `AUXILIAR` DISABLE KEYS */;
INSERT INTO `AUXILIAR` VALUES (1,_binary '','2020-2');
/*!40000 ALTER TABLE `AUXILIAR` ENABLE KEYS */;
UNLOCK TABLES;

--
-- Table structure for table `CURSO`
--

DROP TABLE IF EXISTS `CURSO`;
/*!40101 SET @saved_cs_client     = @@character_set_client */;
/*!40101 SET character_set_client = utf8 */;
CREATE TABLE `CURSO` (
  `numEmpleado` varchar(6) NOT NULL,
  `claveMateria` int(11) NOT NULL,
  `grupo` varchar(5) NOT NULL,
  `tipo` varchar(11) NOT NULL,
  `hrsTC` int(11) DEFAULT '0',
  `hrsAsig` int(11) DEFAULT '0',
  PRIMARY KEY (`numEmpleado`,`claveMateria`,`grupo`,`tipo`),
  KEY `claveMateria` (`claveMateria`),
  CONSTRAINT `CURSO_ibfk_1` FOREIGN KEY (`numEmpleado`) REFERENCES `PROFESOR` (`numEmpleado`) ON UPDATE CASCADE,
  CONSTRAINT `CURSO_ibfk_2` FOREIGN KEY (`claveMateria`) REFERENCES `MATERIA` (`claveMateria`) ON UPDATE CASCADE
) ENGINE=InnoDB DEFAULT CHARSET=latin1;
/*!40101 SET character_set_client = @saved_cs_client */;

--
-- Dumping data for table `CURSO`
--

LOCK TABLES `CURSO` WRITE;
/*!40000 ALTER TABLE `CURSO` DISABLE KEYS */;
INSERT INTO `CURSO` VALUES ('000000',33523,'637','CLASE',0,2),('000000',33523,'637','TALLER',0,3),('000000',33523,'638','CLASE',0,2),('000000',33523,'638','TALLER',0,3),('000000',33524,'636','CLASE',0,2),('000000',33524,'636','TALLER',0,3),('000000',33524,'637','CLASE',0,2),('000000',33524,'637','TALLER',0,3),('007618',33541,'636','CLASE',1,0),('007618',33541,'636','TALLER',2,0),('007815',33530,'631','CLASE',2,0),('007815',33530,'631','TALLER',3,0),('008690',33524,'612','CLASE',0,2),('008690',33524,'612','TALLER',0,3),('008696',33532,'402-1','LABORATORIO',0,2),('008696',33532,'402-2','LABORATORIO',0,2),('008696',33532,'623','CLASE',0,2),('008696',33532,'623','TALLER',0,2),('008696',33532,'623-1','LABORATORIO',0,2),('008696',33532,'623-2','LABORATORIO',0,2),('008696',33532,'629','CLASE',0,2),('008696',33532,'629','TALLER',0,2),('008696',33532,'629-1','LABORATORIO',0,2),('008696',33532,'629-2','LABORATORIO',0,2),('008696',33532,'634','CLASE',0,2),('008696',33532,'634','TALLER',0,2),('008762',33532,'400-1','LABORATORIO',2,0),('008762',33532,'632','CLASE',2,0),('008762',33532,'632','TALLER',2,0),('008762',33532,'632-1','LABORATORIO',2,0),('008762',33532,'632-2','LABORATORIO',2,0),('009563',33525,'217','CLASE',0,1),('009563',33525,'217','TALLER',0,2),('009563',33525,'614','CLASE',0,1),('009563',33525,'614','TALLER',0,2),('009563',33534,'337','CLASE',0,2),('009563',33534,'337','TALLER',0,2),('009563',33534,'337-2','LABORATORIO',0,2),('009563',33534,'634','CLASE',0,2),('009563',33534,'634','TALLER',0,2),('009563',33534,'634-1','LABORATORIO',0,2),('009563',33534,'634-2','LABORATORIO',0,2),('011011',33524,'604','CLASE',0,2),('011011',33524,'604','TALLER',0,3),('011606',11632,'524','CLASE',0,2),('011606',11632,'524','TALLER',0,3),('011972',33530,'633','CLASE',2,0),('011972',33530,'633','TALLER',3,0),('012145',33538,'401','CLASE',0,2),('012145',33538,'401','TALLER',0,1),('012145',33538,'401-1','LABORATORIO',0,2),('012145',33538,'682','CLASE',0,2),('012145',33538,'682','TALLER',0,1),('012145',33538,'682-1','LABORATORIO',0,2),('012145',33538,'734','CLASE',0,2),('012145',33538,'734','TALLER',0,1),('012145',33538,'734-1','LABORATORIO',0,2),('013154',33534,'624','CLASE',0,2),('013154',33534,'624','TALLER',0,2),('013154',33534,'624-2','LABORATORIO',0,2),('013154',33534,'630','CLASE',0,2),('013154',33534,'630','TALLER',0,2),('013154',33534,'630-1','LABORATORIO',0,2),('013154',33534,'630-2','LABORATORIO',0,2),('013211',33525,'601','CLASE',0,1),('013211',33525,'601','TALLER',0,2),('013211',33534,'402-2','LABORATORIO',0,2),('013212',33534,'627-2','LABORATORIO',2,0),('013212',33534,'632','CLASE',2,0),('013212',33534,'632','TALLER',2,0),('013212',33534,'632-1','LABORATORIO',2,0),('013212',33534,'632-2','LABORATORIO',2,0),('013261',33541,'013','CLASE',0,1),('013261',33541,'013','TALLER',0,2),('013261',33541,'735','CLASE',0,1),('013261',33541,'735','TALLER',0,2),('014015',33541,'525','CLASE',0,1),('014015',33541,'525','TALLER',0,2),('014570',33525,'618','CLASE',0,1),('014570',33525,'618','TALLER',0,2),('014754',33534,'337-1','LABORATORIO',0,2),('014754',33534,'623','CLASE',0,2),('014754',33534,'623','TALLER',0,2),('014754',33534,'623-1','LABORATORIO',0,2),('014754',33534,'623-2','LABORATORIO',0,2),('014754',33534,'629','CLASE',0,2),('014754',33534,'629','TALLER',0,2),('014754',33534,'629-1','LABORATORIO',0,2),('014754',33534,'629-2','LABORATORIO',0,2),('014856',33538,'014','CLASE',0,2),('014856',33538,'014','TALLER',0,1),('014856',33538,'014-1','LABORATORIO',0,2),('014856',33538,'388','CLASE',0,2),('014856',33538,'388','TALLER',0,1),('014856',33538,'388-1','LABORATORIO',0,2),('015499',33524,'190','CLASE',2,0),('015499',33524,'190','TALLER',3,0),('015517',33524,'619','CLASE',0,2),('015517',33524,'619','TALLER',0,3),('015517',33530,'402','CLASE',0,2),('015517',33530,'402','TALLER',0,3),('015916',33541,'682','CLASE',1,0),('015916',33541,'682','TALLER',2,0),('016382',33525,'604','CLASE',0,1),('016382',33525,'604','TALLER',0,2),('016382',33534,'212','CLASE',0,2),('016382',33534,'212','TALLER',0,2),('016412',11210,'101','CLASE',0,2),('016412',11210,'101','TALLER',0,3),('016412',33530,'625','CLASE',0,2),('016412',33530,'625','TALLER',0,3),('016412',33530,'634','CLASE',0,2),('016412',33530,'634','TALLER',0,3),('017146',33538,'329','CLASE',0,2),('017146',33538,'329','TALLER',0,1),('017146',33538,'329-1','LABORATORIO',0,2),('017220',33541,'189','CLASE',0,1),('017220',33541,'189','TALLER',0,2),('017481',33524,'217','CLASE',0,2),('017481',33524,'217','TALLER',0,3),('017486',33541,'286','CLASE',1,0),('017486',33541,'286','TALLER',2,0),('017486',33541,'686','CLASE',1,0),('017486',33541,'686','TALLER',2,0),('017539',33541,'014','CLASE',0,1),('017539',33541,'014','TALLER',0,2),('017539',33541,'390','CLASE',0,1),('017539',33541,'390','TALLER',0,2),('017539',33541,'401','CLASE',0,1),('017539',33541,'401','TALLER',0,2),('017539',33541,'734','CLASE',0,1),('017539',33541,'734','TALLER',0,2),('017849',33523,'535','CLASE',0,2),('017849',33523,'535','TALLER',0,3),('017849',33523,'601','CLASE',0,2),('017849',33523,'601','TALLER',0,3),('017849',33523,'603','CLASE',0,2),('017849',33523,'603','TALLER',0,3),('017849',33524,'618','CLASE',0,2),('017849',33524,'618','TALLER',0,3),('018043',33525,'613','CLASE',0,1),('018043',33525,'613','TALLER',0,2),('018043',33534,'621','CLASE',0,2),('018043',33534,'621','TALLER',0,2),('018043',33534,'621-1','LABORATORIO',0,2),('018043',33534,'621-2','LABORATORIO',0,2),('018043',33534,'622','CLASE',0,2),('018043',33534,'622','TALLER',0,2),('018043',33534,'622-1','LABORATORIO',0,2),('018043',33534,'622-2','LABORATORIO',0,2),('018043',33534,'627','CLASE',0,2),('018043',33534,'627','TALLER',0,2),('018043',33534,'627-1','LABORATORIO',0,2),('018397',33524,'603','CLASE',2,0),('018397',33524,'603','TALLER',3,0),('018397',33524,'607','CLASE',2,0),('018397',33524,'607','TALLER',3,0),('018397',33524,'608','CLASE',2,0),('018397',33524,'608','TALLER',3,0),('018397',33524,'611','CLASE',2,0),('018397',33524,'611','TALLER',3,0),('018397',33524,'616','CLASE',2,0),('018397',33524,'616','TALLER',3,0),('018436',33523,'613','CLASE',0,2),('018436',33523,'613','TALLER',0,3),('019151',33532,'621-1','LABORATORIO',0,2),('019151',33532,'621-2','LABORATORIO',0,2),('019151',33532,'630','CLASE',0,2),('019151',33532,'630','TALLER',0,2),('019151',33532,'630-1','LABORATORIO',0,2),('019151',33532,'630-2','LABORATORIO',0,2),('019151',33532,'633-1','LABORATORIO',0,2),('019151',33538,'202','CLASE',0,2),('019151',33538,'202','TALLER',0,1),('019151',33538,'202-1','LABORATORIO',0,2),('019160',33523,'606','CLASE',0,2),('019160',33523,'606','TALLER',0,3),('019160',33530,'212','CLASE',0,2),('019160',33530,'212','TALLER',0,3),('019160',33530,'629','CLASE',0,2),('019160',33530,'629','TALLER',0,3),('019160',33530,'630','CLASE',0,2),('019160',33530,'630','TALLER',0,3),('019276',33532,'626-1','LABORATORIO',0,2),('019276',33532,'634-2','LABORATORIO',0,2),('019281',33523,'217','CLASE',2,0),('019281',33523,'217','TALLER',3,0),('019281',33524,'614','CLASE',2,0),('019281',33524,'614','TALLER',3,0),('019302',33541,'202','CLASE',1,0),('019302',33541,'202','TALLER',2,0),('019490',33530,'400','CLASE',0,2),('019490',33530,'400','TALLER',0,3),('019490',33532,'400','CLASE',0,2),('019490',33532,'400','TALLER',0,2),('019490',33532,'400-2','LABORATORIO',0,2),('019490',33532,'625','CLASE',0,2),('019490',33532,'625','TALLER',0,2),('019490',33532,'625-2','LABORATORIO',0,2),('019490',33532,'628','CLASE',0,2),('019490',33532,'628','TALLER',0,2),('019490',33532,'628-1','LABORATORIO',0,2),('021810',33532,'337','CLASE',0,2),('021810',33532,'337','TALLER',0,2),('021810',33532,'337-1','LABORATORIO',0,2),('021810',33532,'337-2','LABORATORIO',0,2),('021810',33541,'329','CLASE',0,1),('021810',33541,'329','TALLER',0,2),('022138',33530,'627','CLASE',0,2),('022138',33530,'627','TALLER',0,3),('022405',33532,'212','CLASE',0,2),('022405',33532,'212','TALLER',0,2),('022405',33532,'212-1','LABORATORIO',0,2),('022405',33532,'212-2','LABORATORIO',0,2),('022405',33532,'627','CLASE',0,2),('022405',33532,'627','TALLER',0,2),('022405',33532,'627-1','LABORATORIO',0,2),('022405',33532,'627-2','LABORATORIO',0,2),('022405',33532,'628-2','LABORATORIO',0,2),('022405',33532,'634-1','LABORATORIO',0,2),('022405',33538,'686','CLASE',0,2),('022405',33538,'686','TALLER',0,1),('022405',33538,'686-1','LABORATORIO',0,2),('022408',33525,'605','CLASE',0,1),('022408',33525,'605','TALLER',0,2),('022408',33525,'615','CLASE',0,1),('022408',33525,'615','TALLER',0,2),('022408',33525,'617','CLASE',0,1),('022408',33525,'617','TALLER',0,2),('022448',33530,'628','CLASE',2,0),('022448',33530,'628','TALLER',3,0),('022448',33538,'189','CLASE',2,0),('022448',33538,'189','TALLER',1,0),('022448',33538,'189-1','LABORATORIO',2,0),('022563',33530,'632','CLASE',0,2),('022563',33530,'632','TALLER',0,3),('022563',33534,'628','CLASE',0,2),('022563',33534,'628','TALLER',0,2),('022563',33534,'628-1','LABORATORIO',0,2),('022563',33534,'628-2','LABORATORIO',0,2),('022738',33523,'616','CLASE',0,2),('022738',33523,'616','TALLER',0,3),('022738',33523,'618','CLASE',0,2),('022738',33523,'618','TALLER',0,3),('023219',33538,'013','CLASE',0,2),('023219',33538,'013','TALLER',0,1),('023219',33538,'013-1','LABORATORIO',0,2),('023219',33538,'286','CLASE',0,2),('023219',33538,'286','TALLER',0,1),('023219',33538,'286-1','LABORATORIO',0,2),('023328',33523,'608','CLASE',0,2),('023328',33523,'608','TALLER',0,3),('023328',33523,'615','CLASE',0,2),('023328',33523,'615','TALLER',0,3),('023475',33532,'631','CLASE',0,2),('023475',33532,'631','TALLER',0,2),('023475',33532,'631-1','LABORATORIO',0,2),('023475',33532,'631-2','LABORATORIO',0,2),('023542',33525,'190','CLASE',1,0),('023542',33525,'190','TALLER',2,0),('023542',33525,'600','CLASE',1,0),('023542',33525,'600','TALLER',2,0),('023542',33525,'607','CLASE',1,0),('023542',33525,'607','TALLER',2,0),('023560',33523,'604','CLASE',2,0),('023560',33523,'604','TALLER',3,0),('023560',33523,'607','CLASE',2,0),('023560',33523,'607','TALLER',3,0),('023560',33523,'619','CLASE',2,0),('023560',33523,'619','TALLER',3,0),('023680',33525,'606','CLASE',0,1),('023680',33525,'606','TALLER',0,2),('023680',33525,'608','CLASE',0,1),('023680',33525,'608','TALLER',0,2),('023680',33525,'616','CLASE',0,1),('023680',33525,'616','TALLER',0,2),('023680',33534,'625','CLASE',0,2),('023680',33534,'625','TALLER',0,2),('023680',33534,'625-1','LABORATORIO',0,2),('023680',33534,'625-2','LABORATORIO',0,2),('023680',33534,'633','CLASE',0,2),('023680',33534,'633','TALLER',0,2),('023680',33534,'633-1','LABORATORIO',0,2),('023680',33534,'633-2','LABORATORIO',0,2),('023688',33534,'400','CLASE',0,2),('023688',33534,'400','TALLER',0,2),('023688',33534,'400-1','LABORATORIO',0,2),('023688',33534,'400-2','LABORATORIO',0,2),('023688',33534,'624-1','LABORATORIO',0,2),('023960',33524,'535','CLASE',0,2),('023960',33524,'535','TALLER',0,3),('023960',33524,'601','CLASE',0,2),('023960',33524,'601','TALLER',0,3),('023960',33524,'617','CLASE',0,2),('023960',33524,'617','TALLER',0,3),('023960',33538,'525','CLASE',0,2),('023960',33538,'525','TALLER',0,1),('023960',33538,'525-1','LABORATORIO',0,2),('023966',33532,'633','CLASE',0,2),('023966',33532,'633','TALLER',0,2),('023966',33538,'735','CLASE',0,2),('023966',33538,'735','TALLER',0,1),('023966',33538,'735-1','LABORATORIO',0,2),('024037',33534,'402','CLASE',0,2),('024037',33534,'402','TALLER',0,2),('024037',33534,'402-1','LABORATORIO',0,2),('024037',33534,'626','CLASE',0,2),('024037',33534,'626','TALLER',0,2),('024037',33534,'626-1','LABORATORIO',0,2),('024037',33534,'626-2','LABORATORIO',0,2),('024285',33525,'609','CLASE',1,0),('024285',33525,'609','TALLER',2,0),('024285',33534,'212-1','LABORATORIO',2,0),('024285',33534,'212-2','LABORATORIO',2,0),('025160',33538,'390','CLASE',2,0),('025160',33538,'390','TALLER',1,0),('025160',33538,'390-1','LABORATORIO',2,0),('025208',33532,'402','CLASE',0,2),('025208',33532,'402','TALLER',0,2),('025615',33532,'624','CLASE',0,2),('025615',33532,'624','TALLER',0,2),('025615',33532,'624-1','LABORATORIO',0,2),('025615',33532,'624-2','LABORATORIO',0,2),('025700',33524,'615','CLASE',0,2),('025700',33524,'615','TALLER',0,3),('025928',33532,'621','CLASE',0,2),('025928',33532,'621','TALLER',0,2),('026224',33525,'611','CLASE',0,1),('026224',33525,'611','TALLER',0,2),('026301',33523,'612','CLASE',0,2),('026301',33523,'612','TALLER',0,3),('026301',33523,'614','CLASE',0,2),('026301',33523,'614','TALLER',0,3),('026301',33530,'337','CLASE',0,2),('026301',33530,'337','TALLER',0,3),('026301',33530,'622','CLASE',0,2),('026301',33530,'622','TALLER',0,3),('026542',33524,'605','CLASE',0,2),('026542',33524,'605','TALLER',0,3),('026620',33524,'606','CLASE',0,2),('026620',33524,'606','TALLER',0,3),('026620',33524,'609','CLASE',0,2),('026620',33524,'609','TALLER',0,3),('026620',33524,'613','CLASE',0,2),('026620',33524,'613','TALLER',0,3),('027359',33523,'190','CLASE',0,2),('027359',33523,'190','TALLER',0,3),('027359',33523,'600','CLASE',0,2),('027359',33523,'600','TALLER',0,3),('027359',33530,'621','CLASE',0,2),('027359',33530,'621','TALLER',0,3),('027359',33530,'624','CLASE',0,2),('027359',33530,'624','TALLER',0,3),('027526',33524,'600','CLASE',0,2),('027526',33524,'600','TALLER',0,3),('027526',33530,'623','CLASE',0,2),('027526',33530,'623','TALLER',0,3),('027887',33525,'535','CLASE',0,1),('027887',33525,'535','TALLER',0,2),('027887',33525,'603','CLASE',0,1),('027887',33525,'603','TALLER',0,2),('027887',33525,'612','CLASE',0,1),('027887',33525,'612','TALLER',0,2),('027927',33523,'605','CLASE',0,2),('027927',33523,'605','TALLER',0,3),('027927',33523,'611','CLASE',0,2),('027927',33523,'611','TALLER',0,3),('027927',33523,'617','CLASE',0,2),('027927',33523,'617','TALLER',0,3),('028391',33534,'631','CLASE',2,0),('028391',33534,'631','TALLER',2,0),('028391',33534,'631-1','LABORATORIO',2,0),('028391',33534,'631-2','LABORATORIO',2,0),('028751',33532,'626','CLASE',2,0),('028751',33532,'626','TALLER',2,0),('029076',33532,'622','CLASE',0,2),('029076',33532,'622','TALLER',0,2),('029076',33532,'622-1','LABORATORIO',0,2),('029076',33532,'622-2','LABORATORIO',0,2),('029198',33523,'609','CLASE',0,2),('029198',33523,'609','TALLER',0,3),('029198',33541,'388','CLASE',0,1),('029198',33541,'388','TALLER',0,2);
/*!40000 ALTER TABLE `CURSO` ENABLE KEYS */;
UNLOCK TABLES;

--
-- Table structure for table `CURSO_HORARIO`
--

DROP TABLE IF EXISTS `CURSO_HORARIO`;
/*!40101 SET @saved_cs_client     = @@character_set_client */;
/*!40101 SET character_set_client = utf8 */;
CREATE TABLE `CURSO_HORARIO` (
  `numEmpleado` varchar(6) NOT NULL,
  `claveMateria` int(11) NOT NULL,
  `grupo` varchar(5) NOT NULL,
  `tipo` varchar(11) NOT NULL,
  `claveHorario` int(11) NOT NULL,
  PRIMARY KEY (`numEmpleado`,`claveMateria`,`grupo`,`tipo`,`claveHorario`),
  KEY `claveHorario` (`claveHorario`),
  CONSTRAINT `CURSO_HORARIO_ibfk_2` FOREIGN KEY (`claveHorario`) REFERENCES `HORARIO` (`claveHorario`) ON UPDATE CASCADE,
  CONSTRAINT `CURSO_HORARIO_ibfk_3` FOREIGN KEY (`numEmpleado`, `claveMateria`, `grupo`, `tipo`) REFERENCES `CURSO` (`numEmpleado`, `claveMateria`, `grupo`, `tipo`) ON DELETE CASCADE ON UPDATE CASCADE
) ENGINE=InnoDB DEFAULT CHARSET=latin1;
/*!40101 SET character_set_client = @saved_cs_client */;

--
-- Dumping data for table `CURSO_HORARIO`
--

LOCK TABLES `CURSO_HORARIO` WRITE;
/*!40000 ALTER TABLE `CURSO_HORARIO` DISABLE KEYS */;
INSERT INTO `CURSO_HORARIO` VALUES ('016412',11210,'101','CLASE',1),('018043',33534,'621','CLASE',1),('026620',33524,'613','TALLER',1),('027359',33523,'190','CLASE',1),('027927',33523,'605','CLASE',1),('016412',11210,'101','CLASE',2),('026620',33524,'613','TALLER',2),('027359',33523,'190','CLASE',2),('027927',33523,'605','CLASE',2),('000000',33523,'637','TALLER',3),('008690',33524,'612','CLASE',3),('008696',33532,'623-2','LABORATORIO',3),('009563',33534,'337-2','LABORATORIO',3),('014856',33538,'014-1','LABORATORIO',3),('016412',11210,'101','TALLER',3),('008690',33524,'612','TALLER',4),('014754',33534,'623-2','LABORATORIO',4),('016412',11210,'101','TALLER',4),('019151',33538,'202','CLASE',4),('022405',33532,'627-1','LABORATORIO',4),('011606',11632,'524','CLASE',5),('015517',33530,'402','CLASE',5),('017220',33541,'189','CLASE',5),('022563',33534,'628','CLASE',5),('023475',33532,'631','TALLER',5),('023680',33525,'616','CLASE',5),('011606',11632,'524','CLASE',6),('015517',33530,'402','CLASE',6),('022563',33534,'628','TALLER',6),('023219',33538,'286','CLASE',6),('023475',33532,'631','CLASE',6),('024285',33525,'609','CLASE',6),('011606',11632,'524','TALLER',7),('023966',33532,'633','TALLER',7),('011606',11632,'524','TALLER',8),('017486',33541,'686','TALLER',9),('017539',33541,'014','TALLER',9),('019160',33530,'629','TALLER',9),('019281',33523,'217','CLASE',9),('023560',33523,'604','CLASE',9),('025160',33538,'390','CLASE',9),('025615',33532,'624','CLASE',9),('026620',33524,'606','TALLER',9),('027359',33530,'621','TALLER',9),('028391',33534,'631','TALLER',9),('029198',33523,'609','TALLER',9),('017486',33541,'686','CLASE',10),('019160',33530,'629','TALLER',10),('019281',33523,'217','CLASE',10),('023542',33525,'190','TALLER',10),('023560',33523,'604','CLASE',10),('025615',33532,'624','TALLER',10),('026620',33524,'606','TALLER',10),('027359',33530,'621','TALLER',10),('028391',33534,'631','TALLER',10),('029198',33523,'609','TALLER',10),('015916',33541,'682','CLASE',11),('017486',33541,'686','TALLER',11),('019160',33530,'629','CLASE',11),('019281',33523,'217','TALLER',11),('023542',33525,'190','TALLER',11),('023560',33523,'604','TALLER',11),('024285',33525,'609','TALLER',11),('026620',33524,'606','CLASE',11),('027359',33530,'621','CLASE',11),('017539',33541,'014','TALLER',12),('019160',33530,'629','CLASE',12),('019281',33523,'217','TALLER',12),('023560',33523,'604','TALLER',12),('024285',33525,'609','TALLER',12),('025160',33538,'390','CLASE',12),('026620',33524,'606','CLASE',12),('027359',33530,'621','CLASE',12),('009563',33525,'614','CLASE',13),('017539',33541,'014','CLASE',13),('019160',33530,'629','TALLER',13),('019281',33523,'217','TALLER',13),('023560',33523,'604','TALLER',13),('025160',33538,'390','TALLER',13),('025615',33532,'624','CLASE',13),('025615',33532,'624','TALLER',13),('026620',33524,'606','TALLER',13),('027359',33530,'621','TALLER',13),('029198',33523,'609','TALLER',13),('019302',33541,'202','CLASE',14),('026620',33524,'613','TALLER',14),('027359',33523,'190','TALLER',14),('027927',33523,'605','TALLER',14),('029076',33532,'622','CLASE',14),('029198',33541,'388','CLASE',14),('018043',33534,'621','CLASE',15),('018043',33534,'621','TALLER',15),('026620',33524,'613','CLASE',15),('027359',33523,'190','TALLER',15),('027927',33523,'605','TALLER',15),('029076',33532,'622','CLASE',15),('014856',33538,'388','TALLER',16),('018043',33534,'621','TALLER',16),('026620',33524,'613','CLASE',16),('027359',33523,'190','TALLER',16),('027927',33523,'605','TALLER',16),('017849',33523,'535','CLASE',17),('023960',33524,'617','CLASE',17),('025700',33524,'615','TALLER',17),('027887',33525,'603','CLASE',17),('017849',33523,'535','CLASE',18),('023960',33524,'617','CLASE',18),('025700',33524,'615','CLASE',18),('027887',33525,'603','TALLER',18),('017849',33523,'535','TALLER',19),('023960',33524,'617','TALLER',19),('025700',33524,'615','TALLER',19),('027887',33525,'603','TALLER',19),('017849',33523,'535','TALLER',20),('023960',33524,'617','TALLER',20),('025700',33524,'615','TALLER',20),('027927',33523,'611','TALLER',20),('017849',33523,'535','TALLER',21),('023960',33524,'617','TALLER',21),('025700',33524,'615','CLASE',21),('027927',33523,'611','TALLER',21),('007815',33530,'631','CLASE',22),('011011',33524,'604','CLASE',22),('015499',33524,'190','TALLER',22),('016382',33534,'212','CLASE',22),('018436',33523,'613','CLASE',22),('019490',33532,'400','CLASE',22),('021810',33541,'329','TALLER',22),('023680',33534,'625','CLASE',22),('026301',33523,'614','CLASE',22),('027359',33523,'600','CLASE',22),('007815',33530,'631','CLASE',23),('011011',33524,'604','CLASE',23),('012145',33538,'682','CLASE',23),('015499',33524,'190','TALLER',23),('015517',33524,'619','CLASE',23),('016382',33534,'212','CLASE',23),('017539',33541,'734','TALLER',23),('018436',33523,'613','CLASE',23),('019490',33532,'400','CLASE',23),('023542',33525,'607','CLASE',23),('025928',33532,'621','TALLER',23),('026301',33523,'614','CLASE',23),('027359',33523,'600','CLASE',23),('007815',33530,'631','TALLER',24),('009563',33525,'217','CLASE',24),('012145',33538,'682','CLASE',24),('014754',33534,'629','TALLER',24),('015499',33524,'190','TALLER',24),('015517',33524,'619','CLASE',24),('017539',33541,'734','CLASE',24),('018043',33534,'622','TALLER',24),('018436',33523,'613','TALLER',24),('019490',33532,'400','TALLER',24),('021810',33541,'329','CLASE',24),('023680',33534,'625','CLASE',24),('025928',33532,'621','TALLER',24),('026301',33523,'614','TALLER',24),('027359',33523,'600','TALLER',24),('007815',33530,'631','TALLER',25),('009563',33525,'217','TALLER',25),('012145',33538,'682','TALLER',25),('015499',33524,'190','CLASE',25),('017539',33541,'734','TALLER',25),('018436',33523,'613','TALLER',25),('019490',33532,'400','TALLER',25),('023680',33534,'625','TALLER',25),('026301',33523,'614','TALLER',25),('027359',33523,'600','TALLER',25),('007815',33530,'631','TALLER',26),('009563',33525,'217','TALLER',26),('014754',33534,'629','TALLER',26),('015499',33524,'190','CLASE',26),('018043',33534,'622','TALLER',26),('018436',33523,'613','TALLER',26),('021810',33541,'329','TALLER',26),('023680',33534,'625','TALLER',26),('026301',33523,'614','TALLER',26),('027359',33523,'600','TALLER',26),('013212',33534,'632','CLASE',27),('016412',33530,'634','CLASE',27),('017849',33523,'601','CLASE',27),('018397',33524,'607','CLASE',27),('023328',33523,'615','CLASE',27),('023680',33525,'608','CLASE',27),('023966',33532,'633','CLASE',27),('023966',33538,'735','CLASE',27),('013212',33534,'632','CLASE',28),('016412',33530,'634','CLASE',28),('017486',33541,'286','TALLER',28),('017849',33523,'601','CLASE',28),('018397',33524,'607','TALLER',28),('023219',33538,'013','CLASE',28),('023328',33523,'615','CLASE',28),('023680',33525,'608','TALLER',28),('023966',33532,'633','CLASE',28),('013212',33534,'632','TALLER',29),('016412',33530,'634','TALLER',29),('017486',33541,'286','TALLER',29),('017849',33523,'601','TALLER',29),('018397',33524,'607','CLASE',29),('023219',33538,'013','TALLER',29),('023328',33523,'615','TALLER',29),('023680',33525,'608','TALLER',29),('023966',33538,'735','CLASE',29),('013212',33534,'632','TALLER',30),('016412',33530,'634','TALLER',30),('017486',33541,'286','CLASE',30),('017849',33523,'601','TALLER',30),('018397',33524,'607','TALLER',30),('023219',33538,'013','CLASE',30),('023328',33523,'615','TALLER',30),('016412',33530,'634','TALLER',31),('017849',33523,'601','TALLER',31),('018397',33524,'607','TALLER',31),('023328',33523,'615','TALLER',31),('023966',33538,'735','TALLER',31),('014570',33525,'618','CLASE',32),('017849',33523,'603','CLASE',32),('018397',33524,'608','CLASE',32),('023960',33538,'525','CLASE',32),('017849',33523,'603','CLASE',33),('018397',33524,'608','TALLER',33),('022408',33525,'617','TALLER',33),('023960',33538,'525','CLASE',33),('027887',33525,'535','TALLER',33),('017849',33523,'603','TALLER',34),('018397',33524,'608','CLASE',34),('022408',33525,'617','TALLER',34),('023960',33538,'525','TALLER',34),('017849',33523,'603','TALLER',35),('018397',33524,'608','TALLER',35),('022408',33525,'617','CLASE',35),('027887',33525,'535','TALLER',35),('017849',33523,'603','TALLER',36),('018397',33524,'608','TALLER',36),('012145',33538,'401','CLASE',37),('017481',33524,'217','CLASE',37),('018043',33525,'613','CLASE',37),('019160',33523,'606','CLASE',37),('019490',33530,'400','CLASE',37),('022138',33530,'627','CLASE',37),('022405',33538,'686','CLASE',37),('026301',33530,'337','CLASE',37),('026620',33524,'609','CLASE',37),('027526',33524,'600','CLASE',37),('013154',33534,'630','TALLER',38),('017481',33524,'217','CLASE',38),('019160',33523,'606','CLASE',38),('019490',33530,'400','CLASE',38),('022138',33530,'627','CLASE',38),('022405',33538,'686','CLASE',38),('026301',33530,'337','CLASE',38),('026620',33524,'609','CLASE',38),('027526',33524,'600','CLASE',38),('012145',33538,'401','CLASE',39),('013154',33534,'630','CLASE',39),('014754',33534,'623','TALLER',39),('017481',33524,'217','TALLER',39),('019160',33523,'606','TALLER',39),('022138',33530,'627','TALLER',39),('026301',33530,'337','TALLER',39),('026620',33524,'609','TALLER',39),('027526',33524,'600','TALLER',39),('012145',33538,'401','TALLER',40),('013154',33534,'630','TALLER',40),('017481',33524,'217','TALLER',40),('018043',33525,'613','TALLER',40),('019160',33523,'606','TALLER',40),('022138',33530,'627','TALLER',40),('022405',33538,'686','TALLER',40),('026301',33530,'337','TALLER',40),('026620',33524,'609','TALLER',40),('027526',33524,'600','TALLER',40),('027887',33525,'612','CLASE',40),('013154',33534,'630','CLASE',41),('014754',33534,'623','TALLER',41),('017481',33524,'217','TALLER',41),('018043',33525,'613','TALLER',41),('019160',33523,'606','TALLER',41),('022138',33530,'627','TALLER',41),('023542',33525,'190','CLASE',41),('026301',33530,'337','TALLER',41),('026620',33524,'609','TALLER',41),('027526',33524,'600','TALLER',41),('000000',33523,'638','CLASE',42),('007618',33541,'636','TALLER',42),('018043',33534,'627','CLASE',42),('019160',33530,'630','CLASE',42),('023560',33523,'607','CLASE',42),('023680',33525,'606','CLASE',42),('025208',33532,'402','CLASE',42),('026301',33530,'622','CLASE',42),('000000',33523,'638','CLASE',43),('019160',33530,'630','CLASE',43),('022408',33525,'605','CLASE',43),('023560',33523,'607','CLASE',43),('025208',33532,'402','CLASE',43),('026301',33530,'622','CLASE',43),('000000',33523,'638','TALLER',44),('007618',33541,'636','CLASE',44),('018043',33534,'627','CLASE',44),('019160',33530,'630','TALLER',44),('019490',33532,'625','TALLER',44),('023560',33523,'607','TALLER',44),('023680',33525,'606','TALLER',44),('026301',33530,'622','TALLER',44),('000000',33523,'638','TALLER',45),('007618',33541,'636','TALLER',45),('019160',33530,'630','TALLER',45),('023560',33523,'607','TALLER',45),('025208',33532,'402','TALLER',45),('026301',33530,'622','TALLER',45),('000000',33523,'638','TALLER',46),('019160',33530,'630','TALLER',46),('019490',33532,'625','TALLER',46),('023560',33523,'607','TALLER',46),('023680',33525,'606','TALLER',46),('025208',33532,'402','TALLER',46),('026301',33530,'622','TALLER',46),('000000',33524,'636','CLASE',47),('014015',33541,'525','CLASE',47),('018397',33524,'611','CLASE',47),('022738',33523,'616','CLASE',47),('023328',33523,'608','CLASE',47),('000000',33524,'636','CLASE',48),('000000',33524,'637','TALLER',48),('014015',33541,'525','TALLER',48),('018397',33524,'611','CLASE',48),('022405',33532,'212','TALLER',48),('022408',33525,'615','TALLER',48),('022738',33523,'616','CLASE',48),('023328',33523,'608','CLASE',48),('023680',33534,'633','TALLER',48),('000000',33524,'636','TALLER',49),('000000',33524,'637','TALLER',49),('013261',33541,'735','TALLER',49),('014015',33541,'525','TALLER',49),('018397',33524,'611','TALLER',49),('022408',33525,'615','TALLER',49),('022738',33523,'616','TALLER',49),('023328',33523,'608','TALLER',49),('000000',33524,'636','TALLER',50),('013261',33541,'735','TALLER',50),('018397',33524,'611','TALLER',50),('019490',33532,'628','TALLER',50),('022405',33532,'212','TALLER',50),('022738',33523,'616','TALLER',50),('023328',33523,'608','TALLER',50),('023680',33534,'633','TALLER',50),('000000',33524,'636','TALLER',51),('013261',33541,'735','CLASE',51),('018397',33524,'611','TALLER',51),('019490',33532,'628','TALLER',51),('022738',33523,'616','TALLER',51),('023328',33523,'608','TALLER',51),('029198',33523,'609','CLASE',52),('027927',33523,'611','CLASE',53),('009563',33534,'634','CLASE',54),('011972',33530,'633','TALLER',54),('014856',33538,'014','TALLER',54),('017146',33538,'329','CLASE',54),('019160',33530,'212','CLASE',54),('019281',33524,'614','TALLER',54),('021810',33532,'337','CLASE',54),('022448',33530,'628','CLASE',54),('023542',33525,'600','CLASE',54),('023560',33523,'619','CLASE',54),('026301',33523,'612','CLASE',54),('027359',33530,'624','CLASE',54),('027526',33530,'623','CLASE',54),('008762',33532,'632','CLASE',55),('008762',33532,'632','TALLER',55),('009563',33534,'634','CLASE',55),('011972',33530,'633','TALLER',55),('012145',33538,'734','CLASE',55),('014754',33534,'629','CLASE',55),('017146',33538,'329','CLASE',55),('017539',33541,'401','TALLER',55),('019160',33530,'212','CLASE',55),('019281',33524,'614','TALLER',55),('022448',33530,'628','CLASE',55),('023542',33525,'600','TALLER',55),('023560',33523,'619','CLASE',55),('026301',33523,'612','CLASE',55),('027359',33530,'624','CLASE',55),('027526',33530,'623','CLASE',55),('008762',33532,'632','CLASE',56),('009563',33534,'634','TALLER',56),('011972',33530,'633','TALLER',56),('016382',33525,'604','CLASE',56),('017539',33541,'401','TALLER',56),('019160',33530,'212','TALLER',56),('019281',33524,'614','TALLER',56),('021810',33532,'337','CLASE',56),('022448',33530,'628','TALLER',56),('023542',33525,'600','TALLER',56),('023560',33523,'619','TALLER',56),('026301',33523,'612','TALLER',56),('027359',33530,'624','TALLER',56),('027526',33530,'623','TALLER',56),('009563',33534,'634','TALLER',57),('011972',33530,'633','CLASE',57),('012145',33538,'734','CLASE',57),('017539',33541,'401','CLASE',57),('019160',33530,'212','TALLER',57),('019281',33524,'614','CLASE',57),('022448',33530,'628','TALLER',57),('023542',33525,'607','TALLER',57),('023560',33523,'619','TALLER',57),('026301',33523,'612','TALLER',57),('027359',33530,'624','TALLER',57),('027526',33530,'623','TALLER',57),('008762',33532,'632','TALLER',58),('011972',33530,'633','CLASE',58),('012145',33538,'734','TALLER',58),('014754',33534,'629','CLASE',58),('017146',33538,'329','TALLER',58),('019160',33530,'212','TALLER',58),('019281',33524,'614','CLASE',58),('022448',33530,'628','TALLER',58),('023542',33525,'607','TALLER',58),('023560',33523,'619','TALLER',58),('026301',33523,'612','TALLER',58),('027359',33530,'624','TALLER',58),('027526',33530,'623','TALLER',58),('023960',33524,'535','CLASE',59),('027927',33523,'617','CLASE',59),('008696',33532,'402-1','LABORATORIO',60),('023960',33524,'535','CLASE',60),('027927',33523,'617','CLASE',60),('008696',33532,'402-1','LABORATORIO',61),('023960',33524,'535','TALLER',61),('027927',33523,'617','TALLER',61),('023960',33524,'535','TALLER',62),('027927',33523,'617','TALLER',62),('023960',33524,'535','TALLER',63),('027927',33523,'617','TALLER',63),('022738',33523,'618','CLASE',64),('024037',33534,'402','CLASE',64),('019151',33532,'633-1','LABORATORIO',65),('022738',33523,'618','TALLER',65),('024037',33534,'402','TALLER',65),('022738',33523,'618','TALLER',66),('023960',33524,'601','CLASE',66),('000000',33523,'637','CLASE',67),('008696',33532,'634','CLASE',67),('016412',33530,'625','CLASE',67),('026542',33524,'605','CLASE',67),('000000',33523,'637','CLASE',68),('008696',33532,'634','TALLER',68),('017539',33541,'390','TALLER',68),('026542',33524,'605','CLASE',68),('000000',33523,'637','TALLER',69),('009563',33534,'337','TALLER',69),('014754',33534,'623-1','LABORATORIO',69),('016412',33530,'625','TALLER',69),('019151',33538,'202-1','LABORATORIO',69),('022405',33532,'627-2','LABORATORIO',69),('014570',33525,'618','TALLER',70),('023960',33524,'601','TALLER',70),('023960',33524,'601','TALLER',71),('024037',33534,'402-1','LABORATORIO',71),('018397',33524,'603','CLASE',72),('027887',33525,'535','CLASE',72),('018397',33524,'603','CLASE',73),('018397',33524,'603','TALLER',74),('026224',33525,'611','CLASE',74),('018397',33524,'603','TALLER',75),('018397',33524,'603','TALLER',76),('011011',33524,'604','TALLER',77),('016382',33534,'212','TALLER',77),('011011',33524,'604','TALLER',78),('015517',33524,'619','TALLER',78),('024285',33534,'212-2','LABORATORIO',78),('016412',33530,'625','CLASE',79),('017539',33541,'390','TALLER',79),('019151',33538,'202','TALLER',79),('026542',33524,'605','TALLER',79),('008696',33532,'634','CLASE',80),('017539',33541,'390','CLASE',80),('026542',33524,'605','TALLER',80),('008696',33532,'634','TALLER',81),('026542',33524,'605','TALLER',81),('008690',33524,'612','TALLER',82),('009563',33534,'337','CLASE',82),('013154',33534,'630-1','LABORATORIO',82),('013212',33534,'627-2','LABORATORIO',82),('014856',33538,'388','CLASE',82),('016412',33530,'625','TALLER',82),('022405',33532,'627','CLASE',82),('029076',33532,'622-2','LABORATORIO',82),('017849',33524,'618','TALLER',83),('018397',33524,'616','CLASE',83),('022408',33525,'615','CLASE',83),('022448',33538,'189','CLASE',83),('024037',33534,'626','CLASE',83),('018397',33524,'616','CLASE',84),('022448',33538,'189','CLASE',84),('022563',33530,'632','TALLER',84),('013261',33541,'013','TALLER',85),('017849',33524,'618','TALLER',85),('018397',33524,'616','TALLER',85),('022448',33538,'189','TALLER',85),('022563',33530,'632','TALLER',85),('024037',33534,'626','CLASE',85),('024037',33534,'626','TALLER',85),('013211',33525,'601','CLASE',86),('013261',33541,'013','CLASE',86),('017849',33524,'618','TALLER',86),('018397',33524,'616','TALLER',86),('022405',33532,'212','CLASE',86),('024037',33534,'626','TALLER',86),('013261',33541,'013','TALLER',87),('018397',33524,'616','TALLER',87),('022405',33532,'212','CLASE',87),('017849',33524,'618','CLASE',88),('028751',33532,'626','CLASE',88),('012145',33538,'682-1','LABORATORIO',89),('015517',33524,'619','TALLER',89),('016382',33525,'604','TALLER',89),('024285',33534,'212-1','LABORATORIO',89),('000000',33524,'637','CLASE',90),('019490',33532,'628','CLASE',90),('028751',33532,'626','TALLER',90),('013211',33525,'601','TALLER',91),('022405',33532,'212-1','LABORATORIO',91),('022563',33530,'632','CLASE',91),('023680',33534,'633','CLASE',91),('019490',33532,'625-2','LABORATORIO',92),('022408',33525,'605','TALLER',92),('027887',33525,'612','TALLER',92),('026224',33525,'611','TALLER',93),('009563',33525,'614','TALLER',94),('025615',33532,'624-2','LABORATORIO',94),('015517',33530,'402','TALLER',95),('017220',33541,'189','TALLER',95),('022563',33534,'628','CLASE',95),('023219',33538,'286','CLASE',95),('023475',33532,'631','CLASE',95),('023680',33525,'616','TALLER',95),('015517',33530,'402','TALLER',96),('017220',33541,'189','TALLER',96),('019151',33532,'630','TALLER',96),('023680',33525,'616','TALLER',96),('018043',33534,'621-2','LABORATORIO',97),('019490',33530,'400','TALLER',97),('009563',33534,'634-1','LABORATORIO',98),('017146',33538,'329-1','LABORATORIO',98),('019490',33530,'400','TALLER',98),('029198',33541,'388','TALLER',98),('015517',33530,'402','TALLER',99),('019151',33532,'630','TALLER',99),('022563',33534,'628','TALLER',99),('023219',33538,'286','TALLER',99),('023475',33532,'631','TALLER',99),('008762',33532,'632-2','LABORATORIO',100),('014754',33534,'629-1','LABORATORIO',100),('018043',33534,'622-2','LABORATORIO',100),('021810',33532,'337','TALLER',100),('008696',33532,'402-2','LABORATORIO',101),('025928',33532,'621','CLASE',101),('029076',33532,'622','TALLER',102),('008696',33532,'623','CLASE',103),('009563',33534,'634-2','LABORATORIO',103),('008696',33532,'623','TALLER',104),('012145',33538,'401-1','LABORATORIO',104),('018043',33534,'621-1','LABORATORIO',104),('013154',33534,'630-2','LABORATORIO',105),('014856',33538,'388-1','LABORATORIO',105),('019302',33541,'202','TALLER',105),('022405',33532,'627','TALLER',105),('029076',33532,'622-1','LABORATORIO',105),('008696',33532,'629','CLASE',106),('018043',33534,'627','TALLER',106),('021810',33532,'337-2','LABORATORIO',106),('023680',33534,'625-2','LABORATORIO',106),('023688',33534,'400-1','LABORATORIO',106),('008696',33532,'629','TALLER',107),('019151',33532,'621-2','LABORATORIO',107),('019490',33532,'625','CLASE',107),('023688',33534,'400','CLASE',107),('019151',33532,'630','CLASE',108),('014856',33538,'014','CLASE',109),('018043',33534,'622-1','LABORATORIO',109),('021810',33532,'337-1','LABORATORIO',109),('008762',33532,'400-1','LABORATORIO',110),('023688',33534,'400-2','LABORATORIO',110),('019490',33532,'400-2','LABORATORIO',111),('022563',33534,'628-1','LABORATORIO',111),('023680',33534,'633-1','LABORATORIO',111),('019151',33532,'621-1','LABORATORIO',112),('023688',33534,'400','TALLER',112),('008696',33532,'623-1','LABORATORIO',113),('018043',33534,'627-1','LABORATORIO',113),('023680',33534,'625-1','LABORATORIO',113),('023688',33534,'624-1','LABORATORIO',113),('013212',33534,'632-1','LABORATORIO',114),('025160',33538,'390-1','LABORATORIO',114),('025615',33532,'624-1','LABORATORIO',114),('019276',33532,'626-1','LABORATORIO',115),('008696',33532,'629-1','LABORATORIO',116),('014754',33534,'629-2','LABORATORIO',116),('008696',33532,'629-2','LABORATORIO',117),('013154',33534,'624','CLASE',118),('019151',33532,'630-1','LABORATORIO',118),('023680',33534,'633-2','LABORATORIO',118),('019151',33532,'630-2','LABORATORIO',119),('024037',33534,'626-1','LABORATORIO',119),('008762',33532,'632-1','LABORATORIO',120),('012145',33538,'734-1','LABORATORIO',120),('018043',33534,'622','CLASE',120),('013211',33534,'402-2','LABORATORIO',121),('022405',33532,'634-1','LABORATORIO',121),('022563',33534,'628-2','LABORATORIO',121),('019276',33532,'634-2','LABORATORIO',122),('022405',33532,'212-2','LABORATORIO',123),('019490',33532,'628-1','LABORATORIO',124),('023966',33538,'735-1','LABORATORIO',124),('022405',33532,'628-2','LABORATORIO',125),('023475',33532,'631-1','LABORATORIO',126),('013154',33534,'624-2','LABORATORIO',127),('023475',33532,'631-2','LABORATORIO',127),('013212',33534,'632-2','LABORATORIO',128),('014754',33534,'623','CLASE',128),('013154',33534,'624','TALLER',129),('028391',33534,'631','CLASE',130),('014754',33534,'337-1','LABORATORIO',131),('023219',33538,'013-1','LABORATORIO',131),('023960',33538,'525-1','LABORATORIO',132),('024037',33534,'626-2','LABORATORIO',132),('028391',33534,'631-1','LABORATORIO',135),('028391',33534,'631-2','LABORATORIO',136),('023219',33538,'286-1','LABORATORIO',137),('022448',33538,'189-1','LABORATORIO',138),('022405',33538,'686-1','LABORATORIO',139),('015916',33541,'682','TALLER',140);
/*!40000 ALTER TABLE `CURSO_HORARIO` ENABLE KEYS */;
UNLOCK TABLES;
/*!50003 SET @saved_cs_client      = @@character_set_client */ ;
/*!50003 SET @saved_cs_results     = @@character_set_results */ ;
/*!50003 SET @saved_col_connection = @@collation_connection */ ;
/*!50003 SET character_set_client  = utf8 */ ;
/*!50003 SET character_set_results = utf8 */ ;
/*!50003 SET collation_connection  = utf8_general_ci */ ;
/*!50003 SET @saved_sql_mode       = @@sql_mode */ ;
/*!50003 SET sql_mode              = 'ONLY_FULL_GROUP_BY,STRICT_TRANS_TABLES,NO_ZERO_IN_DATE,NO_ZERO_DATE,ERROR_FOR_DIVISION_BY_ZERO,NO_ENGINE_SUBSTITUTION' */ ;
DELIMITER ;;
/*!50003 CREATE*/ /*!50003 trigger insertHoras
before insert on CURSO_HORARIO
for each row
begin
set @act = (select activaTrigger+0 from AUXILIAR);
set @TC = (select esTiempoCompleto+0 from PROFESOR where numEmpleado=new.numEmpleado);
set @horas = (select (hrFin-hrInicio)/10000 from HORARIO where claveHorario=new.claveHorario);
if @act = 1 then
if @TC = 1 then
update CURSO set hrsTC=hrsTC+@horas where numEmpleado=new.numEmpleado and claveMateria=new.claveMateria and grupo=new.grupo and tipo=new.tipo;
else
update CURSO set hrsAsig=hrsAsig+@horas where numEmpleado=new.numEmpleado and claveMateria=new.claveMateria and grupo=new.grupo and tipo=new.tipo;
end if;
end if;
end */;;
DELIMITER ;
/*!50003 SET sql_mode              = @saved_sql_mode */ ;
/*!50003 SET character_set_client  = @saved_cs_client */ ;
/*!50003 SET character_set_results = @saved_cs_results */ ;
/*!50003 SET collation_connection  = @saved_col_connection */ ;
/*!50003 SET @saved_cs_client      = @@character_set_client */ ;
/*!50003 SET @saved_cs_results     = @@character_set_results */ ;
/*!50003 SET @saved_col_connection = @@collation_connection */ ;
/*!50003 SET character_set_client  = utf8 */ ;
/*!50003 SET character_set_results = utf8 */ ;
/*!50003 SET collation_connection  = utf8_general_ci */ ;
/*!50003 SET @saved_sql_mode       = @@sql_mode */ ;
/*!50003 SET sql_mode              = 'ONLY_FULL_GROUP_BY,STRICT_TRANS_TABLES,NO_ZERO_IN_DATE,NO_ZERO_DATE,ERROR_FOR_DIVISION_BY_ZERO,NO_ENGINE_SUBSTITUTION' */ ;
DELIMITER ;;
/*!50003 CREATE*/ /*!50003 trigger updateHoras
before update on CURSO_HORARIO
for each row
begin
set @oldTC = (select esTiempoCompleto+0 from PROFESOR where numEmpleado=old.numEmpleado);
set @newTC = (select esTiempoCompleto+0 from PROFESOR where numEmpleado=new.numEmpleado);
set @oldHoras = (select (hrFin-hrInicio)/10000 from HORARIO where claveHorario=old.claveHorario);
set @newHoras = (select (hrFin-hrInicio)/10000 from HORARIO where claveHorario=new.claveHorario);
if @oldTC = 1 then
update CURSO set hrsTC=hrsTC-@oldHoras where numEmpleado=old.numEmpleado and claveMateria=old.claveMateria and grupo=old.grupo and tipo=old.tipo;
else
update CURSO set hrsAsig=hrsAsig-@oldHoras where numEmpleado=old.numEmpleado and claveMateria=old.claveMateria and grupo=old.grupo and tipo=old.tipo;
end if;
if @newTC = 1 then
update CURSO set hrsTC=hrsTC+@newHoras where numEmpleado=new.numEmpleado and claveMateria=new.claveMateria and grupo=new.grupo and tipo=new.tipo;
else
update CURSO set hrsAsig=hrsAsig+@newHoras where numEmpleado=new.numEmpleado and claveMateria=new.claveMateria and grupo=new.grupo and tipo=new.tipo;
end if;
end */;;
DELIMITER ;
/*!50003 SET sql_mode              = @saved_sql_mode */ ;
/*!50003 SET character_set_client  = @saved_cs_client */ ;
/*!50003 SET character_set_results = @saved_cs_results */ ;
/*!50003 SET collation_connection  = @saved_col_connection */ ;
/*!50003 SET @saved_cs_client      = @@character_set_client */ ;
/*!50003 SET @saved_cs_results     = @@character_set_results */ ;
/*!50003 SET @saved_col_connection = @@collation_connection */ ;
/*!50003 SET character_set_client  = utf8 */ ;
/*!50003 SET character_set_results = utf8 */ ;
/*!50003 SET collation_connection  = utf8_general_ci */ ;
/*!50003 SET @saved_sql_mode       = @@sql_mode */ ;
/*!50003 SET sql_mode              = 'ONLY_FULL_GROUP_BY,STRICT_TRANS_TABLES,NO_ZERO_IN_DATE,NO_ZERO_DATE,ERROR_FOR_DIVISION_BY_ZERO,NO_ENGINE_SUBSTITUTION' */ ;
DELIMITER ;;
/*!50003 CREATE*/ /*!50003 trigger deleteHoras
before delete on CURSO_HORARIO
for each row
begin
set @TC = (select esTiempoCompleto+0 from PROFESOR where numEmpleado=old.numEmpleado);
set @horas = (select (hrFin-hrInicio)/10000 from HORARIO where claveHorario=old.claveHorario);
if @TC = 1 then
update CURSO set hrsTC=hrsTC-@horas where numEmpleado=old.numEmpleado and claveMateria=old.claveMateria and grupo=old.grupo and tipo=old.tipo;
else
update CURSO set hrsAsig=hrsAsig-@horas where numEmpleado=old.numEmpleado and claveMateria=old.claveMateria and grupo=old.grupo and tipo=old.tipo;
end if;
end */;;
DELIMITER ;
/*!50003 SET sql_mode              = @saved_sql_mode */ ;
/*!50003 SET character_set_client  = @saved_cs_client */ ;
/*!50003 SET character_set_results = @saved_cs_results */ ;
/*!50003 SET collation_connection  = @saved_col_connection */ ;

--
-- Table structure for table `HORARIO`
--

DROP TABLE IF EXISTS `HORARIO`;
/*!40101 SET @saved_cs_client     = @@character_set_client */;
/*!40101 SET character_set_client = utf8 */;
CREATE TABLE `HORARIO` (
  `claveHorario` int(11) NOT NULL AUTO_INCREMENT,
  `dia` varchar(9) DEFAULT NULL,
  `turno` varchar(10) DEFAULT NULL,
  `hrInicio` time DEFAULT NULL,
  `hrFin` time DEFAULT NULL,
  PRIMARY KEY (`claveHorario`)
) ENGINE=InnoDB AUTO_INCREMENT=141 DEFAULT CHARSET=latin1;
/*!40101 SET character_set_client = @saved_cs_client */;

--
-- Dumping data for table `HORARIO`
--

LOCK TABLES `HORARIO` WRITE;
/*!40000 ALTER TABLE `HORARIO` DISABLE KEYS */;
INSERT INTO `HORARIO` VALUES (1,'LUNES','MATUTINO','08:00:00','09:00:00'),(2,'MARTES','MATUTINO','08:00:00','09:00:00'),(3,'MIERCOLES','MATUTINO','07:00:00','09:00:00'),(4,'JUEVES','MATUTINO','07:00:00','09:00:00'),(5,'LUNES','INTERMEDIO','14:00:00','15:00:00'),(6,'MARTES','INTERMEDIO','14:00:00','15:00:00'),(7,'MIERCOLES','INTERMEDIO','14:00:00','16:00:00'),(8,'JUEVES','INTERMEDIO','14:00:00','16:00:00'),(9,'JUEVES','MATUTINO','10:00:00','11:00:00'),(10,'VIERNES','MATUTINO','10:00:00','11:00:00'),(11,'LUNES','MATUTINO','10:00:00','11:00:00'),(12,'MARTES','MATUTINO','10:00:00','11:00:00'),(13,'MIERCOLES','MATUTINO','10:00:00','11:00:00'),(14,'MIERCOLES','MATUTINO','08:00:00','09:00:00'),(15,'JUEVES','MATUTINO','08:00:00','09:00:00'),(16,'VIERNES','MATUTINO','08:00:00','09:00:00'),(17,'LUNES','VESPERTINO','20:00:00','21:00:00'),(18,'MARTES','VESPERTINO','20:00:00','21:00:00'),(19,'MIERCOLES','VESPERTINO','20:00:00','21:00:00'),(20,'JUEVES','VESPERTINO','20:00:00','21:00:00'),(21,'VIERNES','VESPERTINO','20:00:00','21:00:00'),(22,'LUNES','INTERMEDIO','12:00:00','13:00:00'),(23,'MARTES','INTERMEDIO','12:00:00','13:00:00'),(24,'MIERCOLES','INTERMEDIO','12:00:00','13:00:00'),(25,'JUEVES','INTERMEDIO','12:00:00','13:00:00'),(26,'VIERNES','INTERMEDIO','12:00:00','13:00:00'),(27,'LUNES','INTERMEDIO','15:00:00','16:00:00'),(28,'MARTES','INTERMEDIO','15:00:00','16:00:00'),(29,'MIERCOLES','INTERMEDIO','15:00:00','16:00:00'),(30,'JUEVES','INTERMEDIO','15:00:00','16:00:00'),(31,'VIERNES','INTERMEDIO','15:00:00','16:00:00'),(32,'LUNES','VESPERTINO','19:00:00','20:00:00'),(33,'MARTES','VESPERTINO','19:00:00','20:00:00'),(34,'MIERCOLES','VESPERTINO','19:00:00','20:00:00'),(35,'JUEVES','VESPERTINO','19:00:00','20:00:00'),(36,'VIERNES','VESPERTINO','19:00:00','20:00:00'),(37,'LUNES','MATUTINO','09:00:00','10:00:00'),(38,'MARTES','MATUTINO','09:00:00','10:00:00'),(39,'MIERCOLES','MATUTINO','09:00:00','10:00:00'),(40,'JUEVES','MATUTINO','09:00:00','10:00:00'),(41,'VIERNES','MATUTINO','09:00:00','10:00:00'),(42,'LUNES','INTERMEDIO','13:00:00','14:00:00'),(43,'MARTES','INTERMEDIO','13:00:00','14:00:00'),(44,'MIERCOLES','INTERMEDIO','13:00:00','14:00:00'),(45,'JUEVES','INTERMEDIO','13:00:00','14:00:00'),(46,'VIERNES','INTERMEDIO','13:00:00','14:00:00'),(47,'LUNES','INTERMEDIO','17:00:00','18:00:00'),(48,'MARTES','INTERMEDIO','17:00:00','18:00:00'),(49,'MIERCOLES','INTERMEDIO','17:00:00','18:00:00'),(50,'JUEVES','INTERMEDIO','17:00:00','18:00:00'),(51,'VIERNES','INTERMEDIO','17:00:00','18:00:00'),(52,'MARTES','INTERMEDIO','12:00:00','14:00:00'),(53,'MARTES','VESPERTINO','19:00:00','21:00:00'),(54,'LUNES','MATUTINO','11:00:00','12:00:00'),(55,'MARTES','MATUTINO','11:00:00','12:00:00'),(56,'MIERCOLES','MATUTINO','11:00:00','12:00:00'),(57,'JUEVES','MATUTINO','11:00:00','12:00:00'),(58,'VIERNES','MATUTINO','11:00:00','12:00:00'),(59,'LUNES','VESPERTINO','21:00:00','22:00:00'),(60,'MARTES','VESPERTINO','21:00:00','22:00:00'),(61,'MIERCOLES','VESPERTINO','21:00:00','22:00:00'),(62,'JUEVES','VESPERTINO','21:00:00','22:00:00'),(63,'VIERNES','VESPERTINO','21:00:00','22:00:00'),(64,'MARTES','VESPERTINO','18:00:00','20:00:00'),(65,'LUNES','VESPERTINO','18:00:00','20:00:00'),(66,'JUEVES','VESPERTINO','18:00:00','20:00:00'),(67,'LUNES','MATUTINO','07:00:00','08:00:00'),(68,'MARTES','MATUTINO','07:00:00','08:00:00'),(69,'VIERNES','MATUTINO','07:00:00','09:00:00'),(70,'MIERCOLES','VESPERTINO','18:00:00','20:00:00'),(71,'VIERNES','VESPERTINO','18:00:00','20:00:00'),(72,'LUNES','VESPERTINO','18:00:00','19:00:00'),(73,'MARTES','VESPERTINO','18:00:00','19:00:00'),(74,'MIERCOLES','VESPERTINO','18:00:00','19:00:00'),(75,'JUEVES','VESPERTINO','18:00:00','19:00:00'),(76,'VIERNES','VESPERTINO','18:00:00','19:00:00'),(77,'MIERCOLES','INTERMEDIO','12:00:00','14:00:00'),(78,'JUEVES','INTERMEDIO','12:00:00','14:00:00'),(79,'MIERCOLES','MATUTINO','07:00:00','08:00:00'),(80,'JUEVES','MATUTINO','07:00:00','08:00:00'),(81,'VIERNES','MATUTINO','07:00:00','08:00:00'),(82,'MARTES','MATUTINO','07:00:00','09:00:00'),(83,'LUNES','INTERMEDIO','16:00:00','17:00:00'),(84,'MARTES','INTERMEDIO','16:00:00','17:00:00'),(85,'MIERCOLES','INTERMEDIO','16:00:00','17:00:00'),(86,'JUEVES','INTERMEDIO','16:00:00','17:00:00'),(87,'VIERNES','INTERMEDIO','16:00:00','17:00:00'),(88,'MARTES','INTERMEDIO','16:00:00','18:00:00'),(89,'VIERNES','INTERMEDIO','12:00:00','14:00:00'),(90,'LUNES','INTERMEDIO','17:00:00','19:00:00'),(91,'LUNES','INTERMEDIO','16:00:00','18:00:00'),(92,'VIERNES','MATUTINO','09:00:00','11:00:00'),(93,'MIERCOLES','VESPERTINO','19:00:00','21:00:00'),(94,'MARTES','MATUTINO','09:00:00','11:00:00'),(95,'MIERCOLES','INTERMEDIO','14:00:00','15:00:00'),(96,'VIERNES','INTERMEDIO','14:00:00','15:00:00'),(97,'MIERCOLES','MATUTINO','08:00:00','10:00:00'),(98,'JUEVES','MATUTINO','08:00:00','10:00:00'),(99,'JUEVES','INTERMEDIO','14:00:00','15:00:00'),(100,'JUEVES','MATUTINO','11:00:00','13:00:00'),(101,'VIERNES','MATUTINO','11:00:00','13:00:00'),(102,'VIERNES','MATUTINO','08:00:00','10:00:00'),(103,'LUNES','MATUTINO','08:00:00','10:00:00'),(104,'MARTES','MATUTINO','08:00:00','10:00:00'),(105,'LUNES','MATUTINO','07:00:00','09:00:00'),(106,'JUEVES','INTERMEDIO','13:00:00','15:00:00'),(107,'LUNES','INTERMEDIO','13:00:00','15:00:00'),(108,'MARTES','INTERMEDIO','14:00:00','16:00:00'),(109,'MARTES','MATUTINO','11:00:00','13:00:00'),(110,'VIERNES','INTERMEDIO','13:00:00','15:00:00'),(111,'JUEVES','INTERMEDIO','15:00:00','17:00:00'),(112,'MIERCOLES','INTERMEDIO','13:00:00','15:00:00'),(113,'MARTES','INTERMEDIO','13:00:00','15:00:00'),(114,'LUNES','MATUTINO','09:00:00','11:00:00'),(115,'JUEVES','VESPERTINO','19:00:00','21:00:00'),(116,'MIERCOLES','MATUTINO','11:00:00','13:00:00'),(117,'LUNES','VESPERTINO','20:00:00','22:00:00'),(118,'VIERNES','INTERMEDIO','15:00:00','17:00:00'),(119,'JUEVES','INTERMEDIO','17:00:00','19:00:00'),(120,'LUNES','MATUTINO','11:00:00','13:00:00'),(121,'MIERCOLES','INTERMEDIO','17:00:00','19:00:00'),(122,'SABADO','MATUTINO','08:00:00','10:00:00'),(123,'VIERNES','INTERMEDIO','17:00:00','19:00:00'),(124,'MARTES','INTERMEDIO','17:00:00','19:00:00'),(125,'VIERNES','VESPERTINO','19:00:00','21:00:00'),(126,'MARTES','INTERMEDIO','15:00:00','17:00:00'),(127,'MIERCOLES','INTERMEDIO','15:00:00','17:00:00'),(128,'JUEVES','MATUTINO','09:00:00','11:00:00'),(129,'LUNES','INTERMEDIO','15:00:00','17:00:00'),(130,'MIERCOLES','MATUTINO','10:00:00','12:00:00'),(131,'VIERNES','INTERMEDIO','14:00:00','16:00:00'),(132,'VIERNES','INTERMEDIO','16:00:00','18:00:00'),(133,'VIERNES','INTERMEDIO','12:00:00','14:00:00'),(134,'JUEVES','INTERMEDIO','12:00:00','14:00:00'),(135,'LUNES','MATUTINO','10:00:00','12:00:00'),(136,'MARTES','MATUTINO','10:00:00','12:00:00'),(137,'LUNES','INTERMEDIO','14:00:00','16:00:00'),(138,'JUEVES','INTERMEDIO','16:00:00','18:00:00'),(139,'MIERCOLES','MATUTINO','09:00:00','11:00:00'),(140,'VIERNES','MATUTINO','10:00:00','12:00:00');
/*!40000 ALTER TABLE `HORARIO` ENABLE KEYS */;
UNLOCK TABLES;
/*!50003 SET @saved_cs_client      = @@character_set_client */ ;
/*!50003 SET @saved_cs_results     = @@character_set_results */ ;
/*!50003 SET @saved_col_connection = @@collation_connection */ ;
/*!50003 SET character_set_client  = utf8 */ ;
/*!50003 SET character_set_results = utf8 */ ;
/*!50003 SET collation_connection  = utf8_general_ci */ ;
/*!50003 SET @saved_sql_mode       = @@sql_mode */ ;
/*!50003 SET sql_mode              = 'ONLY_FULL_GROUP_BY,STRICT_TRANS_TABLES,NO_ZERO_IN_DATE,NO_ZERO_DATE,ERROR_FOR_DIVISION_BY_ZERO,NO_ENGINE_SUBSTITUTION' */ ;
DELIMITER ;;
/*!50003 CREATE*/ /*!50003 trigger insertTurno
before insert on HORARIO
for each row
if new.hrInicio < '12:00:00' then
set new.turno='MATUTINO';
elseif new.hrInicio < '18:00:00' then
set new.turno='INTERMEDIO';
else
set new.turno='VESPERTINO';
end if */;;
DELIMITER ;
/*!50003 SET sql_mode              = @saved_sql_mode */ ;
/*!50003 SET character_set_client  = @saved_cs_client */ ;
/*!50003 SET character_set_results = @saved_cs_results */ ;
/*!50003 SET collation_connection  = @saved_col_connection */ ;
/*!50003 SET @saved_cs_client      = @@character_set_client */ ;
/*!50003 SET @saved_cs_results     = @@character_set_results */ ;
/*!50003 SET @saved_col_connection = @@collation_connection */ ;
/*!50003 SET character_set_client  = utf8 */ ;
/*!50003 SET character_set_results = utf8 */ ;
/*!50003 SET collation_connection  = utf8_general_ci */ ;
/*!50003 SET @saved_sql_mode       = @@sql_mode */ ;
/*!50003 SET sql_mode              = 'ONLY_FULL_GROUP_BY,STRICT_TRANS_TABLES,NO_ZERO_IN_DATE,NO_ZERO_DATE,ERROR_FOR_DIVISION_BY_ZERO,NO_ENGINE_SUBSTITUTION' */ ;
DELIMITER ;;
/*!50003 CREATE*/ /*!50003 trigger updateTurno
before update on HORARIO
for each row
if new.hrInicio < '12:00:00' then
set new.turno='MATUTINO';
elseif new.hrInicio < '18:00:00' then
set new.turno='INTERMEDIO';
else
set new.turno='VESPERTINO';
end if */;;
DELIMITER ;
/*!50003 SET sql_mode              = @saved_sql_mode */ ;
/*!50003 SET character_set_client  = @saved_cs_client */ ;
/*!50003 SET character_set_results = @saved_cs_results */ ;
/*!50003 SET collation_connection  = @saved_col_connection */ ;

--
-- Table structure for table `MATERIA`
--

DROP TABLE IF EXISTS `MATERIA`;
/*!40101 SET @saved_cs_client     = @@character_set_client */;
/*!40101 SET character_set_client = utf8 */;
CREATE TABLE `MATERIA` (
  `claveMateria` int(11) NOT NULL,
  `nom` varchar(40) DEFAULT NULL,
  PRIMARY KEY (`claveMateria`)
) ENGINE=InnoDB DEFAULT CHARSET=latin1;
/*!40101 SET character_set_client = @saved_cs_client */;

--
-- Dumping data for table `MATERIA`
--

LOCK TABLES `MATERIA` WRITE;
/*!40000 ALTER TABLE `MATERIA` DISABLE KEYS */;
INSERT INTO `MATERIA` VALUES (11210,'CALCULO DIFERENCIAL'),(11632,'ECUACIONES DIFERENCIALES'),(33523,'CALCULO DIFERENCIAL'),(33524,'ALGEBRA SUPERIOR'),(33525,'METODOLOGIA DE LA PROGRAMACION'),(33530,'CALCULO INTEGRAL'),(33532,'MECANICA VECTORIAL'),(33534,'PROGRAMACION Y METODOS NUMERICOS'),(33538,'ELECTRICIDAD Y MAGNETISMO'),(33541,'METODOLOGA DE LA INVESTIGACIN');
/*!40000 ALTER TABLE `MATERIA` ENABLE KEYS */;
UNLOCK TABLES;

--
-- Table structure for table `PROFESOR`
--

DROP TABLE IF EXISTS `PROFESOR`;
/*!40101 SET @saved_cs_client     = @@character_set_client */;
/*!40101 SET character_set_client = utf8 */;
CREATE TABLE `PROFESOR` (
  `numEmpleado` varchar(6) NOT NULL,
  `nom` varchar(38) DEFAULT NULL,
  `esTiempoCompleto` bit(1) NOT NULL,
  PRIMARY KEY (`numEmpleado`)
) ENGINE=InnoDB DEFAULT CHARSET=latin1;
/*!40101 SET character_set_client = @saved_cs_client */;

--
-- Dumping data for table `PROFESOR`
--

LOCK TABLES `PROFESOR` WRITE;
/*!40000 ALTER TABLE `PROFESOR` DISABLE KEYS */;
INSERT INTO `PROFESOR` VALUES ('000000','*** V A C A N T E ***',_binary '\0'),('007618','OJEDA BENITEZ SARA',_binary ''),('007815','GALINDO DUARTE MOISES',_binary ''),('008690','MELERO OLAGUEZ JOSE GUADALUPE',_binary '\0'),('008696','ESPINOZA RODRIGUEZ ROBERTO',_binary '\0'),('008762','ORTIZ HUENDO JUAN',_binary ''),('009563','ALBARRAN PADILLA HILDA OLIVIA',_binary '\0'),('011011','GARCIA PRIETO MARIA SANDRA',_binary '\0'),('011606','JAUREGUI LUNA LUIS',_binary '\0'),('011972','DE LAS FUENTES LARA MAXIMILIANO',_binary ''),('012145','SARABIA BASTIDAS ANA ELSI',_binary '\0'),('013154','HERRERA RAMIREZ EVA',_binary '\0'),('013211','LOPEZ AGUIRRE ALICIA DEL REFUGIO',_binary '\0'),('013212','ALVAREZ SANDEZ DULCE MARIA',_binary ''),('013261','HERNANDEZ HERNANDEZ MARIA DE LOURDES',_binary '\0'),('014015','ZAMACONA CISNEROS J. JOAQUIN',_binary '\0'),('014570','GORDILLO PEREZ ERNESTINA M.',_binary '\0'),('014754','COTA RAMIREZ ANA ELENA',_binary '\0'),('014856','LOPEZ VARGAS ANA LIDUVINA',_binary '\0'),('015499','TURRUBIARTES REYNAGA MARCO AURELIO',_binary ''),('015517','GARCIA ESTRELLO MIGUEL ANGEL',_binary '\0'),('015916','ANDRADE REATIGA ANGEL GABRIEL',_binary ''),('016382','MARQUEZ SALGADO ELVIA C.',_binary '\0'),('016412','COTA RIVERA ELIA IVETTE',_binary '\0'),('017146','RUIZ HERNANDEZ LAURA CRISTINA',_binary '\0'),('017220','SOLIS PARRA LUCIA ELISA',_binary '\0'),('017481','RODRIGUEZ CASTELLON NATALIA',_binary '\0'),('017486','MARISCAL CAMACHO JOSEFINA',_binary ''),('017539','FIERRO OCHOA AURORA',_binary '\0'),('017849','MOLINARES CALLES JOSE FLORENCIO',_binary '\0'),('018043','REZA VALDEZ ELVIRA AMALIA',_binary '\0'),('018397','RUBIO CARRILLO JESUS MANUEL',_binary ''),('018436','PASOS RIOS ELVIA ANGELICA',_binary '\0'),('019151','BERNARD NUNEZ JULIO JORGE',_binary '\0'),('019160','MUNOZ LARA DORISKA',_binary '\0'),('019276','FELIX ROSALES JORGE ALDO',_binary '\0'),('019281','AGUILAR SALINAS WENDOLYN ELIZABETH',_binary ''),('019302','LAZARO MANCILLA OCTAVIO',_binary ''),('019490','VALENZUELA LUGO OSCAR',_binary '\0'),('021810','GARCIA SERNA ALEJANDRA',_binary '\0'),('022138','POLANCO ABOYTES TERESA',_binary '\0'),('022405','QUIROZ SANCHEZ JUAN CARLOS',_binary '\0'),('022408','MELCHOR LEON SALVADOR',_binary '\0'),('022448','SOTO TAPIZ MONICA ISABEL',_binary ''),('022563','MEULY SOTO CLAUDIA SOFIA',_binary '\0'),('022738','VALDEZ TIRADO MANUEL SALVADOR',_binary '\0'),('023219','CORTEZ GARCIA JOSE DOLORES',_binary '\0'),('023328','ARCE VALDEZ JOSE LUIS',_binary '\0'),('023475','PRECIADO VIZCAINO DARIO',_binary '\0'),('023542','DAVALOS HARO GENESIS ALEJANDRA',_binary ''),('023560','MARTINEZ MOLINA ANA DOLORES',_binary ''),('023680','SANCHEZ BRITTON JONATHAN LEO',_binary '\0'),('023688','MORALES BUSTAMANTE JOHANNA PAMELA',_binary '\0'),('023960','GOMEZ ARMENTA JUAN CARLOS',_binary '\0'),('023966','DELGADILLO QUEZADA STEVEN',_binary '\0'),('024037','GARCIA CURIEL EDWIN R.',_binary ''),('024285','JUSTO LOPEZ ARACELI CELINA',_binary ''),('025160','FLORES FUENTES WENDY',_binary ''),('025208','DIAZ LOPEZ JOSE HEBERTO',_binary '\0'),('025615','GUZMAN HERRERA MANUEL',_binary '\0'),('025700','CASTRO CONTRERAS RUBEN',_binary '\0'),('025928','NARANJO AVILEZ SILVIA',_binary '\0'),('026224','MONTIJO GONZALEZ LUIS DAVID',_binary '\0'),('026301','LORA ALVARADO CARLOS',_binary '\0'),('026542','VARGAS BERNAL OLIVIA YESSENIA',_binary '\0'),('026620','I?IGUEZ VILLEGAS ABRIL CELESTE',_binary '\0'),('027359','AVALOS GONZALEZ DANIEL',_binary '\0'),('027526','ISLAS PEREDA SAUL',_binary '\0'),('027887','BARRAZA BELTRAN JOSE CORNELIO',_binary '\0'),('027927','MARTINEZ CASTELO JESUS ROMAN',_binary '\0'),('028391','LIZARRAGA OSUNA NOEMI',_binary ''),('028751','FLORES JIMENEZ DAVID ENRIQUE',_binary ''),('029076','ALANIZ PLATA RUBEN',_binary '\0'),('029198','RIVERA HINOJOSA MARIA LAURA',_binary '\0');
/*!40000 ALTER TABLE `PROFESOR` ENABLE KEYS */;
UNLOCK TABLES;
/*!50003 SET @saved_cs_client      = @@character_set_client */ ;
/*!50003 SET @saved_cs_results     = @@character_set_results */ ;
/*!50003 SET @saved_col_connection = @@collation_connection */ ;
/*!50003 SET character_set_client  = utf8 */ ;
/*!50003 SET character_set_results = utf8 */ ;
/*!50003 SET collation_connection  = utf8_general_ci */ ;
/*!50003 SET @saved_sql_mode       = @@sql_mode */ ;
/*!50003 SET sql_mode              = 'ONLY_FULL_GROUP_BY,STRICT_TRANS_TABLES,NO_ZERO_IN_DATE,NO_ZERO_DATE,ERROR_FOR_DIVISION_BY_ZERO,NO_ENGINE_SUBSTITUTION' */ ;
DELIMITER ;;
/*!50003 CREATE*/ /*!50003 trigger updateTiempo
before update on PROFESOR
for each row
begin
if old.esTiempoCompleto != new.esTiempoCompleto then
if new.esTiempoCompleto+0 = 1 then
update CURSO set hrsTC=hrsAsig, hrsAsig=0 where numEmpleado=old.numEmpleado;
else
update CURSO set hrsAsig=hrsTC, hrsTC=0 where numEmpleado=old.numEmpleado;
end if;
end if;
end */;;
DELIMITER ;
/*!50003 SET sql_mode              = @saved_sql_mode */ ;
/*!50003 SET character_set_client  = @saved_cs_client */ ;
/*!50003 SET character_set_results = @saved_cs_results */ ;
/*!50003 SET collation_connection  = @saved_col_connection */ ;
/*!40103 SET TIME_ZONE=@OLD_TIME_ZONE */;

/*!40101 SET SQL_MODE=@OLD_SQL_MODE */;
/*!40014 SET FOREIGN_KEY_CHECKS=@OLD_FOREIGN_KEY_CHECKS */;
/*!40014 SET UNIQUE_CHECKS=@OLD_UNIQUE_CHECKS */;
/*!40101 SET CHARACTER_SET_CLIENT=@OLD_CHARACTER_SET_CLIENT */;
/*!40101 SET CHARACTER_SET_RESULTS=@OLD_CHARACTER_SET_RESULTS */;
/*!40101 SET COLLATION_CONNECTION=@OLD_COLLATION_CONNECTION */;
/*!40111 SET SQL_NOTES=@OLD_SQL_NOTES */;

-- Dump completed on 2020-12-18 12:24:16
